hansard_member_id,name,alternative_names
677bc26f-0559-4045-a111-432319415bab,"DAVIDSON, Mike",""
77f5d08b-8e8e-4c8e-b41d-a9bb5bfdace6,"KAIPARA, Oriini",""
d088ed10-ea30-49bf-892c-b67c5121038f,"DOYLE, Benjamin",""
fe342415-6351-4072-a17e-19dab2ef184d,"HERNANDEZ, Francisco",""
ed9f7e2a-8a0b-4bd9-a526-13450770b2db,"PEKE-MASON, Soraya",""
b0893a1a-c906-4f8e-9a08-bee5de6bc18d,"WILSON, Dr David",""
3cc9806d-f7ef-4e23-a218-442f20bf8591,"XU-NAN, Dr Lawrence",""
0fc05f1c-47b0-4fb0-8298-2f347adae4e3,"DOUGLAS, Roger",""
075eff2f-7904-4500-8339-3972160a627f,"PETERS, Jim",""
8415e962-886d-47b9-9356-3fdce746891f,"ANDERTON, Hon Jim",""
014651a1-9604-485f-a1d1-4f752fff8c59,"HUNT, Jonathan",""
e3dc3d88-a571-4ed7-a4b4-b66dedd6134b,"BROWN, Peter",""
909c825c-6cf3-49bd-9c74-6df837480631,"CLARKSON, Bob",""
4029b198-a7b2-4eea-867c-79ef46cafeb9,"SAMUELS, Hon Dover",""
0ed9ad81-05c1-4171-80c6-24fa02cade42,"SIMICH, Hon Clem",""
d48244fc-ceef-4ef5-9cee-851e4d439468,"BRASH, Don",""
9df41e27-6082-4bc7-9fda-bab499cb9246,"DUNCAN, Helen",""
4c6db5f1-6fdb-4ec1-b0d4-58c744b6f4cf,"KELLY, Graham",""
19767ece-60f1-4014-9855-74afaa34e699,"SHARPLES, Hon Sir Pita",""
2e7121af-c8f1-4d5c-b1f5-5646e4d9ca70,"SUTTON, Jim",""
fce185df-f325-4a5a-a850-52fb6b2b918d,"GUDGEON, Bill",""
fae7af0d-c48d-4dd4-88f3-928ccaa3a984,"HARTLEY, Ann",""
0bd5aa67-2f2b-4a13-a2b4-21a392396f11,"TE HEUHEU, Georgina",""
fcd222c3-03a3-4568-a8aa-b6e8c6ef37c5,"WARD, Mike",""
5cee6a89-68e3-40fd-b2d8-d8adb0ba5da0,"COPELAND, Gordon",""
749a724d-1ef9-49cb-9ba2-2610403653ea,"YATES, Dianne",""
1a705910-5320-43bf-aa82-027a761519f6,"FAIRBROTHER, Russell",""
f4da5811-fb5a-4721-b57a-518446bd7796,"JONES, Dail",""
b8383f38-c78c-4e5d-8324-677d91e95c49,"LOCKE, Keith",""
c2dfe169-d946-4f87-8d43-0bcdb7d8bebc,"TURIA, Hon Dame Tariana",""
b63935ee-d78b-43a8-a3bc-996e7951fb9b,"WOOLERTON, R Doug",""
0bfa5b74-8933-458a-99d4-bbd75d9898d0,"AUCHINVOLE, Chris",""
7f8c14fb-b919-46ef-866b-8db68cfa4cf0,"CULLEN, Hon Sir Michael",""
09278070-a54a-41e9-8a27-45166301277e,"FITZSIMONS, Jeanette",""
92557bd5-0e66-473c-a6df-7d108e7822e3,"GRAHAM, Kennedy",""
cba965bb-864f-4e06-99dc-6fcdfd007ad5,"PARAONE, Pita",""
3d49aeac-8adf-497b-9400-ab7bb077bb8d,"PETERS, Rt Hon Winston",""
b53f8451-a5f8-4e92-851f-9ca381f19343,"BANKS, John",""
8e686b62-8dc4-4f03-a7b6-2d0f9c874e9a,"HAWKINS, George",""
c5b3ede3-ae58-4862-b45d-b4c8f3280960,"OKEROA, Mahara",""
47c29b78-eee0-4c91-afdf-7b07be780e1a,"O'ROURKE, Denis",""
5db0a23e-1579-44c6-9194-76e34cf5ae99,"PRASAD, Rajen",""
295c9ca3-0f0a-4af6-b1bd-32c916cca579,"ECKHOFF, Gerrard",""
1583b5cb-f4e0-4981-97ba-193c338ff404,"HOBBS, Marian",""
cfdabe42-521a-4dca-afab-3e781731a130,"HUTCHISON, Paul",""
09a5b71a-ca7e-4e7c-9e09-f9e63f18aa12,"KING, Annette",""
893adc11-ce4e-419c-a079-08f04b3d75f5,"TISCH, Lindsay",""
022cfe6b-bae4-4028-b68a-ccffb4269442,"WILSON, Margaret",""
4e6caa14-14ae-43f5-b9da-fe479511fe74,"ADAMS, Paul",""
1fb8d8db-3e96-49c7-ab1c-b7916a50e30e,"CHADWICK, Steve",""
ae94eea7-ba5f-4303-bf71-49e708bc9888,"HAYES, John",""
eaaad191-62cf-43e8-a772-63a71dbf4d4a,"KEDGLEY, Sue",""
fc82cea8-c84d-4ab7-8597-31916dbedc43,"PERRY, Edwin",""
b0d8b0e0-3ece-4865-9145-5eb5983fc54c,"PREBBLE, Richard",""
f4112fc5-c53f-4aa9-bf6d-5a05ce6252cf,"ROY, Eric",""
ac169d29-4849-42c2-a4a7-f344fd416503,"SMITH, Lockwood",""
d21515bb-0193-4167-a21d-982058b53604,"WORTH, Richard",""
8b420d21-23ae-4857-b5ab-8cff62b532d1,"AWATERE HUATA, Donna",""
12f01718-dc1f-4307-b0b3-451098ab73df,"CHOUDHARY, Ashraf",""
1a59d3ae-788b-4b19-b7dd-7d0e29a626fc,"DONNELLY, Brian",""
c3657952-0eec-4a34-918d-677d93c1b281,"EWEN-STREET, Ian",""
ffff330f-1757-41d6-9973-25244f0fdada,"KING, Colin",""
749d97b8-a772-4227-83da-b5e264c37bc0,"PEACHEY, Allan",""
70fa4cbd-9380-4916-9f2a-78da059d220e,"ROBERTSON, H V Ross",""
330c030b-99be-4461-8aaa-9a10ee5bd889,"BENSON-POPE, David",""
6984d661-9f65-4ed6-b29c-3285b598582d,"CARTER, John",""
8ff55f5e-9237-45e2-8e15-24228a10320e,"CLARK, Helen",""
e4030eb1-1b72-4bc3-b00d-7126013abc01,"FRANKS, Stephen",""
3f670c71-9be5-4a7e-a197-0590da759280,"GROSER, Tim",""
9c0eba1d-17a6-44e2-a9b3-2e2535339570,"HODGSON, Pete",""
d52e59e3-2195-4c95-a654-665c11b39b63,"HOROMIA, Parekura",""
b62240ad-adda-430d-887a-8f999ef4bbc4,"NEWMAN, Muriel",""
fd427be0-7196-4605-b39e-d665553240b0,"PILLAY, Lynne",""
73f60731-048d-4a21-81c5-52d588de2325,"RIRINUI, Mita",""
c5d9f81e-8fbc-419b-8f03-d0c6abebb8d2,"ROBSON, Matt",""
19386ba0-5a6e-485e-abc0-5a3128b4e1f6,"SHIRLEY, Ken",""
03bc0052-6dd8-4807-998a-4768a4732e0b,"BARKER, Rick",""
4ad02d80-0242-43c0-a0b6-862d72b3f978,"CATCHPOLE, Brent",""
ba6fde7e-93f4-4636-9ce2-02c07007973a,"SWAIN, Paul",""
4a11ce4e-9fb3-4738-b0be-5a9f81d975da,"WILLIAMSON, Maurice",""
f8b92f47-d078-4e6a-b4c6-136913bda55d,"BRADFORD, Dr Sue",""
8cf0fb6b-0b8f-4327-983d-73e1166c220e,"CALDER, Cam",""
d4506109-be18-4b9d-9a79-1e15e2e2cd41,"CARTER, Chris",""
e4b09a29-dfd3-42c0-8585-11463bd6077b,"CARTER, David",""
1a4a99a7-292a-4829-ade5-e825f9be4940,"FIELD, Taito Phillip",""
3a0e52c8-5bb1-4325-9870-21f4e3eb3702,"GALLAGHER, Martin",""
df788c48-b9be-42fd-b8f2-76629a5572b8,"MAPP, Wayne",""
a6c42c44-3622-4c9c-98b8-793fb5ec15cc,"MCKELVIE, Ian",""
2a849ed4-a817-45a7-8b86-dbc9dd210193,"PETTIS, Jill",""
67431f57-e958-4c83-b438-7da8061d479e,"QUINN, Paul",""
0daaf9fb-1a1f-4d31-848a-fd13cb1a2c5a,"STEWART, Barbara",""
cb5e591b-8ffc-4539-a900-1ee22224f7d7,"CODDINGTON, Deborah",""
0ee528dc-7870-4553-95ed-5ec0cab60f07,"DELAHUNTY, Catherine",""
c699e7c6-53b9-470c-a14a-378cb6fc8a04,"GOFF, Phil",""
25f8c78b-f301-4aca-a936-366f00a26bc9,"GOUDIE, Sandra",""
e2e2ee61-b3b9-4a89-bcc3-5b7be76c5825,"KATENE, Rahui",""
29c236aa-2283-4690-9a84-aa865404bb61,"KORAKO, Nuk",""
acb6a053-bcf3-4936-8684-af4d6876983d,"MACKEY, Janet",""
605133aa-6c88-4150-82dd-7d9fcf1824b4,"MAHAREY, Steve",""
5192f6d3-dca6-43c8-a55e-381e1d7c1225,"MCCULLY, Murray",""
76e4b8b7-c205-49d8-a21e-5d7a3ddf1330,"PECK, Mark",""
5caeb43f-d5eb-4780-bddc-0fc23950543a,"SMITH, Murray",""
977cccaf-581d-4f48-924e-32bf6c54a93d,"TOLLEY, Hon Anne",""
92824476-4e66-4052-8435-b049833d8b83,"WAGNER, Hon Nicky",""
1e93d9c8-b183-40db-b200-833697df066c,"BALDOCK, Larry",""
8999c217-9b84-4577-b9b1-bcc8e9c7a395,"BROWNING, Steffan",""
f555a23a-d230-4f03-80ba-a44e6ec8bd29,"DUNNE, Peter",""
a40f5af7-f9b0-4b44-9669-9e63be1c3ced,"FENTON, Darien",""
79db8b64-1f9b-4416-9b81-a12963db9cbf,"MALLARD, Sir Rt Hon Trevor",""
07dc4112-8a19-4dd6-a57c-878b47f8a9b6,"MARK, Hon Ron",""
c45684c6-7137-45b3-b30c-46206236e88b,"SOPER, Lesley",""
c53e4642-d448-4d84-abfe-0443fe24aae9,"CALVERT, Hilary",""
e959f20f-3de7-4f54-8577-8ea78d72c3dd,"CLENDON, David",""
1772e9f5-5379-4bfe-9d9b-eaffb4c61b02,"DUYNHOVEN, Harry",""
ec266512-9fe8-47da-883e-48f046ee5059,"FLAVELL, Hon Te Ururoa",""
263be082-dd01-4ef1-9c19-d546d0174793,"GOSCHE, Vui Mark",""
7883c85e-a5bb-4a12-9962-80df55af0ecd,"HARAWIRA, Hone",""
79f87abf-aaab-44ff-96db-2e33d763670a,"LABAN, Hon Dame Luamanuvao Winnie",""
7df975cd-93d2-4f55-9bc5-d2790e28e043,"STREET, Hon Maryan",""
ca9c3e6b-0b6d-46d7-ba14-2ca250fbaa75,"WANG, Kenneth",""
80b11f68-6b57-4b8b-8922-aecd1d471975,"WONG, Pansy",""
f99bcf9e-1ad4-4ed4-9a97-1cccb5b1e11a,"BLUE, Jackie",""
e6b4dc55-3561-49a8-a871-ae005354ef90,"BROWNLEE, Hon Gerry",""
67aa5137-7503-4a8f-bde1-1811615598e2,"BURNS, Brendon",""
72e48ab0-e7ae-427f-bedc-793b7a91adba,"BURTON, Mark",""
e7bf04e4-2cce-41b2-8b4e-e7277074e5c2,"COATES, Barry",""
c598ffd3-4771-4027-a15f-5d1f643631e0,"CONNELL, Brian",""
41146229-4d11-415b-a4ac-f4e2b923e95d,"FINLAYSON, Hon Christopher",""
25c22a83-ff2c-474c-a092-883be2dd63d3,"HEREORA, Dave",""
bc1e9f65-e08b-4939-867c-22ef093e2a4e,"HIDE, Rodney",""
ac23eedf-0a53-4d88-a49b-d5b440483616,"SCOTT, Lynda",""
3b1b5881-3b86-4894-ac77-72905f786141,"TIZARD, Judith",""
9fa4845f-2fb3-4c2c-828a-40a363d3a159,"WADE-BROWN, Celia",""
6f6e1ae1-8aa5-4f71-8e73-30bb378026c4,"BEYER, Georgina",""
4ff3e092-9caa-44d9-9171-5c8fca280d96,"BLUMSKY, Mark",""
5f1453f8-c44e-4ce6-b699-64d600322276,"BORROWS, Chester",""
77ec6495-df45-43ac-aaa1-a03b5dd4c128,"BOSCAWEN, John",""
4a25943b-cb3b-49c3-bd10-74316fae17f1,"DEAN, Hon Jacqui",""
6e7bfee5-ac9c-4ae2-b85d-7d3b7a785561,"DONALD, Rod",""
75a05f96-2474-4c90-a6ea-cf7b5798e03e,"DYSON, Ruth",""
dfa851f0-ef7b-4834-bc41-1b3b645a3495,"SHEARER, David",""
0d9640b0-d861-43d8-b321-e7ba56dbe362,"TURNER, Judy",""
136da8c4-afc7-483e-a39c-c66812f71774,"WILKINSON, Kate",""
04ed8007-24ee-45fb-ab8e-8573da79b238,"ALEXANDER, Marc",""
f9a94bf3-a948-4410-8413-403a7454114b,"BARNETT, Tim",""
187e4099-cc16-4bb8-8379-82c881af1724,"GARRETT, David",""
02e74c40-9529-4e15-adc2-c032eadc2205,"O'CONNOR, Greg","O'CONNOR, Gregory Eamon"
471dee54-f59e-4497-b3d3-c39044ce7169,"O'CONNOR, Hon Damien",""
6e1ead03-bf7f-496a-a02f-ce52859c58c1,"PARATA, Hekia",""
4d83c8a5-2f48-4991-9c45-b1a6060daedd,"PUGH, Maureen","PUGH, Maureen Helena"
e122e0e6-61c6-4d17-9a79-6ad2ac7d127e,"SAGE, Hon Eugenie",""
8a87c178-9f60-439e-aa9b-0f1336c37ea9,"SOWRY, Roger",""
cc9c47c0-4409-44ca-ad2f-498707f27d69,"YOUNG, Jonathan",""
736a5c0b-8df3-4047-ba26-632ba2798b4c,"BARRY, Hon Maggie",""
85ec30d4-6394-433a-a12e-2c4def705dd0,"COLLINS, Hon Judith","COLLINS, Judith Anne"
758dcaf3-9976-43ac-8593-79f66ee4da22,"HAYES, Joanne",""
f44431ef-b505-4e94-9f57-a60b0a569bf7,"JONES, Shane",""
98dbeffa-e059-49d5-8bbf-579cbaead9a3,"SIMPSON, Hon Scott","SIMPSON, Scott"
6de7f1d9-7be9-468a-b27c-06000416b96a,"TAMIHERE, John",""
a536d3c2-6293-4216-b0bd-dfec1bd6f40c,"WILLIAMS, Andrew",""
1c818ce2-6ca3-4c4a-9e6a-2e3a67d070e1,"ARDERN, Shane",""
e4c55324-cd76-4323-a6a2-1408a110a862,"BINDRA, Mahesh",""
2aa0b524-c38d-45aa-bd5b-99c5927085f4,"CURRAN, Hon Clare",""
c186d0a2-99f4-408b-9b4d-d484cf19724d,"DALZIEL, Lianne",""
81e8ca24-8b1d-4558-9ef9-c9418df2b3c0,"HAGUE, Kevin",""
51dfea20-2244-4fc7-bd7d-ebf7a98580e1,"HENARE, Tau",""
f5d71749-ae91-4af7-b2bd-77260398912a,"PARKER, Hon David",""
d2995873-613f-4202-a773-5ea2d57cc953,"SIMMONDS, Penny ","SIMMONDS, Penelope Elsie"
b398827c-6bf5-403e-90dc-ff03205302a5,"SIO, Hon Aupito William",""
3facbb72-b3b0-464b-b24d-e6de0616f323,"BEAUMONT, Carol",""
bb158206-360b-4757-8d72-f7d0994e1fb3,"ENGLISH, Bill",""
7dbfbd83-6770-4555-8477-85fa01511504,"FOSTER, Andy",""
60200136-9d63-4a82-b4f5-c00411adb1fd,"GOODHEW, Jo",""
ed550fc2-879f-4560-affa-d35858308ad4,"HAUITI, Claudette",""
43684a4d-fb40-469a-8e63-cdd1e354b387,"HORAN, Brendan",""
f317ee7d-f040-44ec-8f2f-ad0a9f206d75,"JACKSON, Willie",""
27600399-0a88-4371-a784-b5a7bc7afc37,"KAPA-KINGI, Mariameno",""
0083bcaa-f44d-4b70-97de-d091a209b88c,"KEY, John",""
61720d2e-5b1d-4742-b4f0-30424316ccc1,"KURIGER, Barbara","KURIGER, Barbara Joan"
8a1cb04e-8a86-44d1-9004-6e158e220339,"MACINDOE, Hon Tim",""
3e43c957-a2f1-43cf-baf7-5b77358e038b,"BAILLIE, Chris",""
859e13f9-33bb-41bb-b2f0-d848eaf25407,"BAYLY, Andrew",""
a434482b-7ac1-4862-9ce7-13e63289dee3,"RURAWHE, Adrian",""
c0e0c86e-e14d-4daa-9bc8-1b5a3d7defeb,"WILLIAMS, Hon Poto",""
656487fe-e0a2-485c-8dc2-fe61b9aec128,"YANG, Jian",""
e0192ed9-5715-4f6c-bd52-8db4f3466087,"CUNLIFFE, David",""
659f6556-09a1-4ead-bc52-05cbdb4eaab8,"FOSS, Craig",""
4a244152-977c-48d2-bf53-4f3a369a27a9,"JOYCE, Hon Steven",""
676b0bc5-331b-4818-b261-ecf892d0bf23,"MARCROFT, Jenny",""
861a1798-a396-4a6c-b9e2-7d2f15d4a001,"RETI, Dr Shane","RETI, Shane Raymond"
2df33ee5-23d6-441c-a9ba-6495aa69f9fd,"ROCHE, Denise",""
094b0ff4-e404-451b-b4a9-ad12bd4dee56,"SMITH, Stuart","SMITH, Stuart Tayler"
cbc37df2-57ae-4536-94ed-a2e39eecd585,"TWYFORD, Hon Phil","TWYFORD, Philip Stoner"
0c51564f-6c6e-45cc-adab-f15b6c831fce,"YULE, Lawrence",""
6dc89bbf-c2ef-45c9-89e4-d2b5952d8d16,"BAKSHI, Kanwaljit Singh",""
868f3a11-6a23-474f-a25e-6bc1d4c6e93f,"HIPANGO, Harete",""
48d9e7fe-3603-456c-bd32-c8d6177395fb,"HUO, Raymond",""
530ce0c4-c977-40cb-90fb-754f54931ff1,"MARTIN, Hon Tracey",""
44967dc4-6cc7-4567-b8ef-cc3a9b354544,"MCCALLUM, Grant","McCALLUM, Grant Lewis"
b2567d3e-a09c-47b4-bd50-2f5bb4049762,"MORONEY, Sue",""
6c1d5df8-ac1d-4ce1-a778-202845cfc69f,"ROY, Heather",""
a83ea07a-806c-45ad-95bb-eb2c481cd0e2,"RYALL, Tony",""
e978865e-57e5-41d6-a7f6-b49daae78630,"SMITH, Hon Dr Nick",""
b21beb09-9d9b-4414-9bb1-ddba249459d5,"UNKOVICH, Tanya",""
9188988b-e79b-4381-969a-982d0ebdb3ca,"GARCIA, Paulo","GARCIA, Paulo Reyes"
03fd985b-4fb8-4111-ba38-5033a254d962,"HUDSON, Brett",""
106966ef-8cc3-434a-9dbe-dd76b708c2a1,"LITTLE, Hon Andrew",""
f677db8b-66c5-4794-953c-bdf7aa425710,"LUBECK, Marja",""
a97e1705-20b1-4844-8140-1090426c1397,"SMITH, Damien",""
db7fcb82-2c50-44e1-9f32-d9138c14006e,"SOSENE, Lemauga Lydia",""
073496a0-73b7-426f-97f8-916bd542b0fa,"WHAITIRI, Hon Meka",""
c83012b4-3939-4753-80fc-1956a3e2bd1e,"WOODHOUSE, Hon Michael",""
feb2e3ca-4ad3-4c7c-9958-b10d28c83bc8,"COSTELLO, Hon Casey",""
7ec53e32-05ab-4c6b-a080-4024e72a9099,"KEREKERE, Dr Elizabeth",""
18f9e3ea-81c5-4414-af48-d6bb843a9227,"LEE, Melissa",""
a94870a7-abc4-4c1b-bd1e-8a27b98a2a4c,"MATHERS, Mojo",""
5634618f-04f4-4f2c-a4bb-6ec0edeb2bf5,"NAYLOR, Jono",""
7a76db18-baa4-41c1-b366-89e2c753a1e7,"NGAREWA-PACKER, Debbie","NGAREWA-PACKER, Debbie Anne"
695678cf-542a-4616-9e0a-86990caec192,"NGARO, Hon Alfred",""
57c0c650-e6a0-4475-b66d-5281ede8b1e3,"REDMAYNE, Suze","REDMAYNE, Susan (Suze) Emma Dossor"
12d74f81-b1f7-4b51-9fb4-8f9481477192,"RUSSELL, Dr Deborah",""
5e6b7aaa-8157-4d5e-9940-1bdbcd61ae95,"SCOTT, Alastair",""
1368ba6c-25be-40f6-a2a0-8f81e1f78b79,"TREMAIN, Chris",""
603ae58e-47c4-46f9-bfc8-8355a48988ad,"COLEMAN, Jonathan",""
3c5917bd-9c2f-4bdf-af2f-b13cd1a2c8bb,"CRAIG, Dr Liz",""
802874a3-deca-48b7-9d33-9087058892f5,"DAVIS, Hon Kelvin",""
cbb83aab-9566-44c4-9029-8bda4aaca7f2,"HEATLEY, Phil",""
7940e9f2-9cea-43d5-8f16-3b470e34f47f,"KING, Matt",""
bbded2ec-ac25-4a73-a380-3f4d87693084,"NASH, Hon Stuart",""
eb49ee66-7ca7-472d-a4a1-b099fd594dfa,"NORMAN, Russel William",""
e7bab061-0905-44a1-a4ec-cf89b58a1baf,"PALLETT, Sarah",""
9dc203b3-21b0-4d4a-a530-746504e05f20,"PROSSER, Richard",""
95ac7206-f497-429d-bf58-715224d5160f,"RICH, Katherine",""
d14b1afe-2069-41e4-96fa-c8dc81a991a4,"SALESA, Hon Jenny","SALESA, Jennifer"
f7fc7ac3-5ce1-43ca-8cd6-dbb0941bf3ae,"WEBB, Dr Duncan","WEBB, Duncan"
96f5f6b7-c116-477e-88a9-ea17aa616886,"LEARY, Ingrid",""
31e14629-7251-4b68-9f90-22b71db0b1c1,"MACLEOD, David","MacLEOD, David Nigel"
c0f78f60-c2fd-46f4-8138-72f39692fc20,"MCCLAY, Hon Todd","McCLAY, Todd Michael"
48a02a21-c1ac-4159-8789-485ad614bd01,"MITCHELL, Hon Mark","MITCHELL, Mark"
fdb01002-a7cf-4a77-8f05-678d24a36849,"MULLER, Todd",""
721a14ca-e9d5-4c2e-b3ef-03d03e4fea07,"SABIN, Mike",""
9eef65cd-ce82-441c-af1b-954ea0782a04,"TINETTI, Hon Jan",""
5ec01d23-b55e-45b9-a668-d3bf14212126,"WHITE, Helen",""
f4833d76-15d7-484b-8e84-94c4aea8a510,"ANDERSON, Miles","ANDERSON, Miles John"
63776108-58dc-4cab-baf1-95282c61d0de,"BENNETT, Hon Paula",""
59e9efe2-6dea-4eeb-869a-ef5b3e48a5b5,"CHAUVEL, Charles",""
f9c512a8-d532-4ef9-ad51-0fe8d752a893,"COSGROVE, Clayton",""
95945ace-51e8-4dbc-a0e3-c19f4ed99ed9,"KANONGATA'A-SUISUIKI, Anahila",""
69dfdffa-4227-42b6-875a-fc8033bc25cc,"LOGIE, Jan",""
5cf229a9-8722-46b2-a37e-b528e075be7d,"ROBERTS, Angela",""
a744a9a7-a2e8-401b-abfb-aec22a3818c8,"SHANKS, Katrina",""
a6489ff5-e18c-4c19-958d-3cec5c52c0cc,"WILLIS, Scott",""
e29c400e-467a-4398-818d-270ef48b80cf,"ABEL, Steve",""
eaf79431-1033-44f1-a633-22633da52c0d,"BENNETT, Hon David",""
1573c6f8-999b-434d-8bde-a47a586ee0f0,"FLEMING, Greg","FLEMING, Gregory Wray"
23de6bd3-0482-495d-88f4-7cc3f75d8442,"GUY, Hon Nathan",""
8ba11b3f-65ea-4f86-92e4-fe78ea522647,"KIRKPATRICK, Dana","KIRKPATRICK, Dana Margot"
943fd636-21ec-4442-9a72-68c49464776f,"LEE, Denise",""
19bcf2ff-a193-4361-9072-813a4e36683c,"LOTU-IIGA, Hon Peseta Sam",""
ea31fdd3-90e9-47d7-92a4-20b6a3109eef,"LUXON, Christopher ","LUXON, Christopher"
0e7e8da2-a6a1-41bb-aeb0-a49be255a293,"MAHUTA, Hon Nanaia",""
c46de55f-b9e4-4c64-9ac6-877bd89c2fc5,"MCLELLAN, Tracey",""
58eae615-ef83-4df5-bace-6749bdd312a8,"PARMAR, Parmjeet",""
bf71a65e-c9f0-4856-902f-1a15c4274e94,"PATTERSON, Mark William James",""
803002d1-e810-4bd8-b8e7-2e97d0d6f626,"POWER, Simon",""
9d892f20-579d-4c43-8247-7ab72c4f7c2e,"SEVERIN, Toni",""
28f868e0-e859-4953-979a-78aa7a3b5e25,"TANA, Darleen",""
fc8ab326-1806-41d3-8c41-cd58c95dcb45,"TUREI, Metiria",""
dc6c0f88-e781-476d-bca1-d1bf9b69302b,"ADAMS, Hon Amy",""
53f86481-33c1-48b2-893b-c11cc0bd673d,"GOLDSMITH, Hon Paul",""
c46106ec-7b2f-4d6f-a7f2-8525ae4550f6,"LOHENI, Agnes",""
4b53c8fa-5ba4-4150-98be-dd23e49cf0bb,"LORCK, Anna",""
6007dc96-f459-4cdd-9972-4fde2c994088,"ROBERTSON, Hon Grant",""
a68928ea-9dd8-4a30-8e2c-a0f49dfc8bea,"UPSTON, Hon Louise","UPSTON, Louise"
e60c1237-5e2d-4d0a-9678-ab10db67d1b7,"WARREN-CLARK, Angie",""
5665380b-62fd-4d75-85e0-0ed801a402e0,"BUTTERICK, Mike","BUTTERICK, Michael"
489d736b-2629-4bc7-8d38-6319c7797a33,"CAMERON, Mark",""
62828428-6565-42b4-bd4d-fa3b12531f88,"COURT, Simon",""
ee649aea-c6fa-4610-9fcf-5c4bb2d3cd33,"DOOCEY, Matt","DOOCEY, Matthew Maurice"
217f4585-f6ef-408d-9318-8a6b8506920b,"EAGLE, Paul",""
58baa209-edaf-42a5-92d6-b2613c144bfb,"MCKEE, Nicole",""
919a8e8d-afaf-4342-ad6f-71cbb6024544,"MITCHELL, Clayton",""
81825190-fd5d-4ed0-bb80-f12f3c93e653,"TIRIKATENE, Rino",""
b4a597dd-ed8b-42b8-975b-40c6e0cdaee1,"WALL, Louisa",""
89809535-e289-43e8-ad08-668cf3046ffb,"BREWER, Cameron","BREWER, Cameron Eric"
5bbd9f26-fdb0-4b85-a836-0fc46e1bba3c,"CLARK, Hon Dr David",""
a5f0fe84-01e8-4eb3-a590-0025017c4243,"DAVIDSON, Hon Marama",""
fbe3f87c-849c-4eee-84cc-119edeb1a681,"GILMORE, Aaron",""
17bfa49a-da49-4001-9466-0b4bfd70b3f3,"HENDERSON, Emily",""
26b88bf1-f634-40e7-8019-e75cc483ace7,"LUXTON, Jo",""
7c215736-b512-41de-8f0c-6c5543fcfce7,"SHAW, Hon James",""
3d42e8cf-544e-415d-892b-f4ef8014d80f,"TUIONO, Teanau",""
37a99b65-4919-4800-830d-3dd7c920d5cd,"WOODS, Hon Dr Megan","WOODS, Megan Cherie"
9fa9132b-a783-45c9-8207-a84b9bc03e22,"COLLINS, Fa'anānā Efeso",""
9884e8e8-651f-4f48-a429-70b72d5e2821,"DOWIE, Sarah",""
6cac9fcd-1934-4007-b10a-4b9d301a0af1,"HOGGARD, Hon Andrew",""
56295840-7a18-46fb-bbb3-164ac3edf716,"KEMP, Takutai Tarsh",""
70dd644d-8bcf-40dc-998a-887d62d24a76,"MACKEY, Moana Lynore",""
e11a5f05-1940-41b2-8f1e-911dba7a43a5,"TABUTEAU, Fletcher",""
c21f4beb-20c4-4b12-bc6f-fdc931e2dc96,"ANDERSEN, Ginny",""
7a31ee40-34c3-42b0-9459-7a7e9c815d6a,"CARTER, Kahurangi",""
c3d9fd88-4715-419d-be08-e1c4eda7d09e,"FOX, Marama",""
f349039e-f016-4db0-a8d0-c374551be708,"MCNAIR, Craig",""
b2672720-3dfe-421a-af8c-20f00d44da3d,"STEPHENSON, Todd",""
1cd33f16-add4-4363-a2d4-f457841a5c4c,"BENNETT, Glen",""
ebb4ac6b-662b-498f-a27f-832d054e6585,"BOND, Ria",""
badb0a39-849c-462a-b32f-77fc017c9fc2,"BRIDGES, Hon Simon",""
27535d92-0798-4e04-be80-9e91b53610e2,"BROOKING, Rachel",""
90ea1538-43e8-4257-bd80-df3ccd1e5f27,"FAAFOI, Hon Kris",""
5b6b1d74-9e5e-42ba-a922-85b0ea7f5ab6,"O'CONNOR, Simon",""
32601127-a1e9-4ba0-b6af-99865a84a209,"POTAKA, Tama","POTAKA, Tama William"
c2e823af-22b7-4411-8b12-14d7b43680ea,"STRANGE, Jamie",""
07d42dbe-f05a-4a7a-8c23-0eecc14b72aa,"FOSTER-BELL, Paul",""
c3a88c42-f60b-4cf9-8065-8bfb80a020eb,"SEPULONI, Hon Carmel","SEPULONI, Carmel Jean"
d4f894dc-da63-4b45-9c2a-c07b41a65e64,"WEENINK, Dr Vanessa","WEENINK, Vanessa"
631d9edd-77fb-4f22-8b5d-a7c81d997865,"DAVIDSON, Reuben","DAVIDSON, Reuben John"
87c850cf-18f6-4be0-935a-0e24e0a352ae,"FERRIS, Tākuta",""
1dbd2811-8e58-4ffb-848d-31c0eaa9690a,"HIPKINS, Hon Chris","HIPKINS, Christopher John"
c437bda8-4741-4ac5-89ab-b0818e1ab9fa,"HUGHES, Darren",""
490ccdbf-7c22-4e12-98f2-f3aa08f8e676,"LEES-GALLOWAY, Iain",""
275c91f8-c6b8-42fd-b3ab-d8fc000dd41f,"STANFORD, Erica",""
a910e826-1964-4e6b-bdb6-958820a11514,"ARBUCKLE, Jamie",""
6590faa0-f76b-4386-84f3-9b06296cc772,"COFFEY, Tamati",""
58f935f1-6646-40ab-9d99-17029396850c,"GENTER, Hon Julie Anne","GENTER, Julie Anne"
28503e94-a5c6-4364-92b7-dc1da041fc50,"LYNDON, Hūhana",""
2170b5bd-171f-4d9f-bfa6-cab72178f108,"MOONEY, Joseph ","MOONEY, Joseph"
872744a3-2256-4cdd-a4cc-939836dc2b11,"RADHAKRISHNAN, Hon Priyanca",""
ad7ccb58-34d9-4340-9b9d-6523bc4dda32,"TANGAERE-MANUEL, Cushla",""
aed260be-c954-464b-bb75-85579e53d05a,"VERRALL, Hon Dr Ayesha",""
713ccc5b-7ff0-4fa5-ab58-4780620184fe,"WATTS, Simon ","WATTS, Simon Glen"
aa2209f1-1889-4c24-b51d-cb2aedc7aa93,"ARDERN, Dame Rt Hon Jacinda",""
b8550e1a-ed25-44a2-b0e2-b0a8d52a7a80,"BOYACK, Rachel","BOYACK-MAYER, Rachel Elizabeth"
2837c142-c937-468e-9984-bc646d066687,"CAMPBELL, Dr Hamish","CAMPBELL, Hamish George"
587eeeae-8af5-4e11-ac7f-a7690f9c7c3a,"CHEUNG, Dr Carlos","CHEUNG, Chun Ho Carlos"
b9dc1924-4df4-4d8f-91ec-8a0f29348308,"COSTLEY, Tim","COSTLEY, Timothy John"
93272d4e-6912-4148-8b35-c9622e18b814,"GRIGG, Nicola ","GRIGG, Nicola Anna"
94b52412-f97b-4bbd-8009-5dc49520f7f4,"HAMILTON, Ryan","HAMILTON, Ryan Alexander"
e77494a0-1be1-432f-b492-fd160f4c119d,"HENARE, Hon Peeni",""
ed2d10c1-43b7-41d9-9f5c-0c313f70e625,"KAYE, Hon Nikki",""
39b9bac1-a992-4ccf-a473-9591aeb3a298,"NAKHLE, Rima","NAKHLE, Rima Jillian"
5a797c9e-cc29-454e-b348-6a415e930295,"NGOBI, Terisa",""
6e419a18-df21-483e-9650-2aaee4e06211,"OMER, Ibrahim",""
f96cdca1-b63c-4602-b2b3-276f58ebb518,"PENK, Chris","PENK, Christopher Aidan"
62ff759d-9586-405a-a6e6-208ad65adeb5,"UTIKERE, Tangi","UTIKERE, Tangi William Edward"
a00bf4f5-c63a-49a0-b0e1-d3b37311377b,"WEDD, Catherine",""
098b8334-57f8-4062-bac6-bfbc3474e88e,"WOOD, Hon Michael",""
86ae9a20-33bd-4912-8dc1-5b4eb670be44,"CHHOUR, Karen",""
61725fea-7d5e-4d1f-8fd3-e5779bb7a14d,"EDMONDS, Barbara","EDMONDS, Barbara Rachael Fati Palepa"
55bb390e-f6c3-498c-bbf6-ea1a8fc993c7,"HUGHES, Gareth",""
acf78260-1a45-46a5-bc98-1a34a13ec1d1,"ROSEWARNE, Dan",""
0f7d126e-c18d-4466-9ebe-d424ae5c4bf6,"WAITITI, Rawiri",""
f12da0af-dc73-4870-8f77-1d50a75eb44c,"WILLIS, Nicola",""
36c8c596-d890-4cca-9767-1eeb5c9ce710,"BALL, Darroch",""
abf27403-4392-47c9-9af0-6773753e95cb,"GHAHRAMAN, Golriz",""
9c069cdb-968c-4f11-b126-92f9c655148b,"HALBERT, Shanan",""
383363d0-b05b-469f-9cf9-a990d946d1b9,"WALKER, Holly",""
83dca3a7-93a6-4a78-a313-6fce42ebe49e,"WALTERS, Vanushi",""
9634e377-7e76-4353-9662-fb444eb2ec9d,"BATES, Carl","BATES, Carl Michael"
a503e324-3a0b-4efd-bf44-ec6740ec9a62,"BELICH, Camilla",""
f429fecb-a955-4d95-8105-e5144e651204,"BIDOIS, Dan","BIDOIS, Daniel Michael"
57e41e9d-285b-4fb3-847d-a63820ae7137,"BISHOP, Chris","BISHOP, Christopher"
ed2de46a-9047-4bfe-92c8-5f14fd415dfb,"FALLOON, Andrew",""
1ebd1031-ea10-4c3d-bb56-2cd99528ae91,"PRIME, Willow-Jean",""
7e22bb95-9afb-449c-bcd2-de9fd4f2277c,"SEYMOUR, David","SEYMOUR, David Breen"
b978dee7-18cf-424c-8004-b165bda971ff,"UFFINDELL, Sam","UFFINDELL, Samuel Julian"
071f7800-2755-41b6-83df-07ebaf867ae2,"VAN DE MOLEN, Tim","VAN DE MOLEN, Timothy John"
a8cab3e3-b023-4ce7-9f4b-2c4137029057,"ALLAN, Hon Kiritapu",""
a1f7bbd1-b6ae-41c0-963b-dbe1251f5540,"MCANULTY, Kieran",""
46269786-ecb4-40e2-972a-e287c495bdec,"PHAM, Lan",""
163d0b68-eb0e-4094-9bed-99e184f063e1,"ROSS, Jami-Lee",""
8f20b644-642a-4c85-ade9-d5af32dc690b,"TRASK, Laura",""
1f651ff0-881f-4148-8631-0161f1c60f61,"WALKER, Hamish",""
4d4dae97-e385-42a3-9791-5440c8cc9b3c,"LU, Nancy",""
ef094bb1-be4f-48b8-bb53-52ce955a1c2d,"MEAGER, James","MEAGER, James Rawiri"
34ec4a4e-60bd-4a4d-b211-10f9324db3ac,"SHARMA, Hon Gaurav",""
288783df-ade6-42d2-bd21-06ffa87dedf8,"LEWIS, Steph",""
ff1ad5a3-e02a-4ffe-a961-ef69bdaee1c9,"MCDOWALL, James",""
19ed20db-5d6c-4464-9327-6cdd072bb4fe,"MENÉNDEZ MARCH, Ricardo",""
77333e3c-5658-4149-9cad-262a0deed378,"BARCLAY, Todd",""
cfc7092e-b202-4acf-aa9c-8aebd551cc39,"LUXTON, Cameron",""
b464a62e-d900-452a-b842-e3cf4ccc6149,"WILLIAMS, Arena",""
55d0b7a4-a2c9-4c38-9b77-475311a48a89,"BROWN, Simeon","BROWN, Simeon Peter"
30f9e8fe-eafb-4967-8d4d-306525ae2340,"NIMON, Katie","NIMON, Katrina Margaret"
66f06e7e-afa8-457f-a105-048b86a13282,"VAN VELDEN, Brooke",""
cc477162-e622-4c94-add7-36a586729e51,"CHEN, Naisi",""
dbaac12b-3efa-4d95-a08d-f0f637a48bab,"SWARBRICK, Chlöe","SWARBRICK, Chlöe Charlotte"
53958f14-2b54-4d1c-bfac-7b3ea85e1c2b,"PAUL, Tamatha","PAUL, Tamatha-Kaye Erin"
d64de4c1-ef68-477e-9c50-db5cbdf99404,"RUTHERFORD, Tom",""
0ef5a38c-0ef7-4d68-8621-dcbb47077e6e,"MAIPI-CLARKE, Hana-Rawhiti",""
